1,Deon,Lundholm
2,Arthur,Granada
3,Felton,Armstong
4,Teddy,Gabriele
5,Glenn,Blount
6,Isiah,Decicco
7,Juan,Scheiber
8,Jared,Preiss
9,Cedrick,Litt
10,Mariano,Bester
11,Pat,Croswell
12,Dudley,Cardella
13,David,Devera
14,Halina,Oliverio
15,Mui,Sawin
16,Boris,Bartholow
17,Colby,Vannest
18,Chong,Pedraza
19,Norberto,Brenneman
20,Nigel,Sabia
21,Bobby,Sinha
22,Shawn,Deangelo
23,Omer,Fournier
24,Rickie,Surprenant
25,Christian,Langlinais
26,Jalisa,Hockaday
27,Lester,Boyle
28,Dave,Pence
29,Brock,Gascon
30,Faustino,Seabaugh
31,Rhett,Westover
32,Collin,Witzel
33,Levi,Garibay
34,Buddy,Poppe
35,Ruthann,Schug
36,Linh,Ringwood
37,Mallie,Cumbee
38,Calista,Kontos
39,Emerson,Guerra
40,Hattie,Cassese
41,Bernardo,Mcatee
42,Robert,Flatt
43,Enoch,Hottinger
44,Dane,Cotner
45,Kent,Borth
46,Ron,Winebrenner
47,Fred,Gales
48,Virgil,Terwilliger
49,Julius,Cagley
50,Joey,Rimes
51,Tashina,Knorr
52,Bradly,Subia
53,Raul,Devaney
54,Samual,Weisinger
55,Erasmo,Hayton
56,Bryce,Poff
57,Mitch,Flory
58,Lauren,Ricard
59,Richie,Goguen
60,Dario,Avent
61,Chase,Vercher
62,Laveta,Crouch
63,Renato,Champney
64,Beulah,Hunsucker
65,Wallace,Byas
66,Clint,Bissette
67,Alejandro,Hayhurst
68,Tad,Burbidge
69,Darin,Gaulding
70,Rey,Espey
